Layer,Name,GEOID,Population,INC_2019-2023,PCT-W_2019-2023,SNP_2019-2023
Census tract,Tract 101,17031010100,4905,69459.99999999999,34.80944712828771,16.75799086757991
Census tract,Tract 102.01,17031010201,6939,49638.99999999999,18.52925672113864,20.11191573403555
Census tract,Tract 102.02,17031010202,2742,55118.99999999999,37.06400919892679,20.61946902654867
Census tract,Tract 103,17031010300,6305,65870.99999999999,49.025511012517825,13.563579277864992
Census tract,Tract 104,17031010400,5079,49017,74.10088743577768,22.40038872691934
Census tract,Tract 105.01,17031010501,4206,48249.99999999999,63.00085251491902,13.787305590584278
Census tract,Tract 105.02,17031010502,3278,61366.99999999999,63.35235806548513,11.17898594990837
Census tract,Tract 105.03,17031010503,2565,21924,62.869198312236286,31.685849695328365
Census tract,Tract 106,17031010600,6225,71920,54.23375074537865,11.252446183953031
Census tract,Tract 107.01,17031010701,3673,74208,35.292471312622446,7.142857142857142
Census tract,Tract 107.02,17031010702,4776,58288.99999999999,22.37708091366628,17.71771771771772
Census tract,Tract 201,17031020100,4202,69849.99999999999,20.75750122970979,16.180048661800488
Census tract,Tract 202,17031020200,7128,115559,45.76130549025031,9.654827413706856
Census tract,Tract 203.01,17031020301,5261,76327,81.15942028985508,8.026755853
Census tract,Tract 203.02,17031020302,5010,81562.99999999999,71.16690677094051,5.084745762711865
Census tract,Tract 204,17031020400,4435,81839.99999999999,35.630057803468205,12.53661394258934
Census tract,Tract 205,17031020500,6599,46457.99999999999,19.835197174808712,30.128205128205128
Census tract,Tract 206.01,17031020601,6699,62015,46.68679752,31.676413255360625
Census tract,Tract 206.02,17031020602,4662,87804,32.13526570048309,15.766604593420237
Census tract,Tract 207.01,17031020701,1879,101249.99999999999,54.40383463151588,9.224598930481283
Census tract,Tract 207.02,17031020702,7717,76812,35.06370929683813,20.948934459187775
Census tract,Tract 208.01,17031020801,5648,73151,47.92584434654919,10.998151571164511
Census tract,Tract 208.02,17031020802,7546,70044,24.015435251390308,33.45882352941176
Census tract,Tract 209.01,17031020901,5848,52377.99999999999,21.424040596257537,27.07956600361663
Census tract,Tract 209.02,17031020902,4488,47963,33.721759809750296,27.04603581
Census tract,Tract 301.01,17031030101,3687,49131.99999999999,47.10965435041716,25.948196114708605
Census tract,Tract 301.02,17031030102,3121,59621.99999999999,44.078754040552454,17.69733534439417
Census tract,Tract 301.03,17031030103,2104,55651,47.04347826086956,8.982584784601283
Census tract,Tract 301.04,17031030104,3521,47329.99999999999,55.13084386945016,5.465004793863854
Census tract,Tract 302,17031030200,5627,103757.99999999999,59.33887283236994,2.250296091590999
Census tract,Tract 303,17031030300,3148,67142.99999999999,32.322619769557306,22.925170068027217
Census tract,Tract 304,17031030400,2597,97441.99999999999,58.98954703832753,15.066469719350073
Census tract,Tract 305,17031030500,6183,123463.99999999999,59.93166641,2.5488248924197285
Census tract,Tract 306.01,17031030601,3293,51136,42.91401274,9.696016771
Census tract,Tract 306.03,17031030603,2045,54415,46.09338881183541,14.754098360655735
Census tract,Tract 306.04,17031030604,3737,51031.99999999999,53.45506623702112,19.14480077745384
Census tract,Tract 307.01,17031030701,1671,51625,45.704918032786885,19.015659955257274
Census tract,Tract 307.02,17031030702,2318,60132.99999999999,44.70695138573376,7.543520309477756
Census tract,Tract 307.03,17031030703,3075,68861,51.02239532619279,26.153846153846157
Census tract,Tract 307.06,17031030706,2933,50430.99999999999,60.67629179331308,7.559958289885298
Census tract,Tract 308,17031030800,4284,96719,68.43778383287919,3.515981735159817
Census tract,Tract 309,17031030900,2952,97375,71.47177419354838,0.95177665
Census tract,Tract 310,17031031000,3868,117113.99999999999,62.944429813010274,1.7848528702363726
Census tract,Tract 311,17031031100,4691,83352,58.07618642264312,5.054274084
Census tract,Tract 312,17031031200,5541,27869,26.40685368721653,33.47541915316851
Census tract,Tract 313,17031031300,6719,65617,54.90425376406958,13.747477012783134
Census tract,Tract 314,17031031400,5221,87499.99999999999,70.94948648082163,4.808296668761785
Census tract,Tract 315.01,17031031501,4155,51731,30.173841059602648,33.25335892514396
Census tract,Tract 315.02,17031031502,4712,47674,41.27429805615551,30.286168521462635
Census tract,Tract 317,17031031700,6294,82773.99999999999,65.45039908779931,5.804832130530279
Census tract,Tract 318,17031031800,1910,86158.99999999999,53.38383838383839,2.950152594099695
Census tract,Tract 319,17031031900,2522,92207.99999999999,73.37110481586402,4.043321299638989
Census tract,Tract 321,17031032100,7543,71804,46.71440606571188,14.977343191032674
Census tract,Tract 401,17031040100,3905,94318,62.83662477558348,1.8711018711018712
Census tract,Tract 402.01,17031040201,6408,103408.99999999999,70.90328847,4.005085823267642
Census tract,Tract 402.02,17031040202,7318,62500,32.95499538075756,16.046039268788086
Census tract,Tract 403,17031040300,2928,79896,46.78868552412646,8.942390369733449
Census tract,Tract 404.01,17031040401,3129,103749.99999999999,56.688466111771696,5.971128608923885
Census tract,Tract 404.02,17031040402,4746,94541,73.88731060606061,2.4859663191659984
Census tract,Tract 406,17031040600,2530,90921,68.95412844036697,10.358255451713395
Census tract,Tract 407,17031040700,3426,109205,71.56646442360727,7.324276432368576
Census tract,Tract 408,17031040800,1636,110179,72.50814332247558,0.9102730819245772
Census tract,Tract 409,17031040900,2063,92167,76.70482827277252,1.4084507042253522
Census tract,Tract 501,17031050100,2568,114062.99999999999,82.60869565,5.276816609
Census tract,Tract 502,17031050200,5309,124166.99999999999,72.60375953843291,5.221072436500471
Census tract,Tract 503,17031050300,2671,166680.99999999997,51.92660550458715,5.499541704857928
Census tract,Tract 505,17031050500,5117,144249.99999999997,84.16439423,1.3045659809332664
Census tract,Tract 506,17031050600,2443,114940,79.83377077865266,1.595298068849706
Census tract,Tract 507,17031050700,1513,130698.99999999999,83.28840970350404,4.196816208393632
Census tract,Tract 508,17031050800,1406,157813,63.71367824238129,5.737704918032787
Census tract,Tract 509,17031050900,1426,136053,75.55123216601815,2.2658610271903323
Census tract,Tract 510,17031051000,1538,184464,70.57057057057057,0
Census tract,Tract 511,17031051100,1599,181826.99999999997,68.77682403433477,4.341926729986431
Census tract,Tract 512,17031051200,1581,174598,77.38019169329074,0.7751937984496124
Census tract,Tract 513,17031051300,2907,199890,74.83487450462351,4.524886877828054
Census tract,Tract 514,17031051400,2492,150356.99999999997,63.56154133931911,3.954802259887006
Census tract,Tract 601,17031060100,2830,145313,75.50047664442326,1.2470771628994544
Census tract,Tract 602,17031060200,2313,91081,70.99586966498393,6.688963210702341
Census tract,Tract 603,17031060300,3076,139306,75.79861111111111,6.327033689400165
Census tract,Tract 604,17031060400,3709,154037.99999999997,79.03930131004367,3.4615384615384617
Census tract,Tract 605,17031060500,1374,60986.99999999999,74.17491749174917,22.091310751104565
Census tract,Tract 608,17031060800,5295,83534,62.279016141429665,4.3407487791644055
Census tract,Tract 609,17031060900,7104,86986.99999999999,75.45919071951388,5.321326238231682
Census tract,Tract 610,17031061000,2279,116499.99999999999,68.48266547,11.172161172161172
Census tract,Tract 611,17031061100,1367,123749.99999999999,72.88011695906432,0
Census tract,Tract 612,17031061200,1932,118397.99999999999,71.42857142857143,2.9988465974625145
Census tract,Tract 615,17031061500,1797,126100.99999999999,79.76125881714596,0
Census tract,Tract 618,17031061800,1051,76393,68.26923076923077,3.489932886
Census tract,Tract 619.01,17031061901,3625,67063,71.13786185153339,12.977676882330686
Census tract,Tract 619.02,17031061902,4665,92011,76.69188734762506,3.656433252845809
Census tract,Tract 620,17031062000,2843,133513.99999999997,76.91528855889301,2.167712492869367
Census tract,Tract 621,17031062100,3817,92312.99999999999,78.56746252082176,4.8302247728359635
Census tract,Tract 622,17031062200,3244,172841,79.97520148791072,2.5343953656770455
Census tract,Tract 623,17031062300,1667,244285.99999999997,78.36630504148053,0
Census tract,Tract 624,17031062400,1673,158542,80.26091888825864,4.792746113989637
Census tract,Tract 625,17031062500,1675,169916.99999999997,74.57279563,3.817914831
Census tract,Tract 626,17031062600,2477,177044.99999999997,74.47078746824725,2.903225806451613
Census tract,Tract 627,17031062700,2955,136666.99999999997,74.81021394064872,7.142857142857142
Census tract,Tract 628,17031062800,3851,166741,76.73924588422729,2.8332260141661303
Census tract,Tract 629,17031062900,4125,181429,69.68786127,3.513238289205703
Census tract,Tract 630,17031063000,3417,103250,78.05767318528339,0
Census tract,Tract 631,17031063100,2376,97347,79.46542214679677,3.0561478322672353
Census tract,Tract 632,17031063200,6900,77182.99999999999,74.94213855886437,1.002178649237473
Census tract,Tract 633.01,17031063301,2833,69188,70.84478021978022,18.010885700148442
Census tract,Tract 633.02,17031063302,4577,96363.99999999999,78.15510597302506,0.7703081232492998
Census tract,Tract 633.03,17031063303,1274,104813,80.71818891491023,0
Census tract,Tract 634,17031063400,2417,116764.99999999999,77.82881002087683,3.0415430267062313
Census tract,Tract 701.01,17031070101,4171,96944,78.87054319215123,3.463855421686747
Census tract,Tract 701.02,17031070102,3063,106062,78.30919501515662,1.5673981191222568
Census tract,Tract 701.03,17031070103,1845,76477,69.22015182884748,3.089143865842895
Census tract,Tract 702,17031070200,4200,101991.99999999999,71.95474875032886,1.8078020932445291
Census tract,Tract 703,17031070300,4349,178750,77.69485903814261,1.0222489476849068
Census tract,Tract 704,17031070400,3250,205771.99999999997,80.71297989031079,8.373042886317222
Census tract,Tract 705,17031070500,3322,194407.99999999997,79.54110898661568,7.587253414264036
Census tract,Tract 706,17031070600,3449,210469,82.02653799758745,0
Census tract,Tract 707,17031070700,3699,146806,59.406479716852715,11.03448275862069
Census tract,Tract 710,17031071000,4357,186517.99999999997,79.50571228724644,0
Census tract,Tract 711,17031071100,3091,212677,76.97468740469655,1.237842617152962
Census tract,Tract 712,17031071200,2973,131162.99999999997,73.36795252,4.652996845425868
Census tract,Tract 713,17031071300,3893,127082.99999999999,71.80277349768875,0.8518693800283956
Census tract,Tract 714,17031071400,4962,123069.99999999999,81.47577092511014,5.7224606580829755
Census tract,Tract 715,17031071500,6282,123663,83.17710077000335,1.024159663865546
Census tract,Tract 716,17031071600,1793,242250,86.82469680264609,4.774897680763983
Census tract,Tract 717,17031071700,1660,149820.99999999997,82.16112532,3.3182503770739067
Census tract,Tract 718,17031071800,2652,232806.99999999997,75.69419401370358,3.669724770642202
Census tract,Tract 801,17031080100,6388,116982.99999999999,85.22892735803268,0.7881316643486325
Census tract,Tract 802.01,17031080201,3375,118416.99999999999,88.26112412177986,1.3124470787468248
Census tract,Tract 802.02,17031080202,4225,104128.99999999999,76.27816816,2.1846370683579983
Census tract,Tract 803,17031080300,5499,157881.99999999997,68.18406729,1.173563928350834
Census tract,Tract 804,17031080400,4569,,24.757768125626463,37.791465024197095
Census tract,Tract 810,17031081000,8746,81616,69.59251362236436,12.24376731301939
Census tract,Tract 811,17031081100,4187,79682.99999999999,77.02233250620347,3.3819864720541117
Census tract,Tract 812.01,17031081201,5080,134245.99999999997,81.39789658194566,0.2035278154681139
Census tract,Tract 812.02,17031081202,3357,158100,78.89960294951787,3.8204393505253105
Census tract,Tract 813,17031081300,5540,115259.99999999999,66.52219140083217,3.477809499091617
Census tract,Tract 814.01,17031081401,2508,82364.99999999999,60.72925398,2.549019607843137
Census tract,Tract 814.02,17031081402,7052,166824,57.168458781362006,0.9738452977184195
Census tract,Tract 814.03,17031081403,9843,117549.99999999999,51.00457106,4.307029687740347
Census tract,Tract 815,17031081500,5917,141780,53.05343511450382,0.6672468813460981
Census tract,Tract 816,17031081600,4168,140322.99999999997,73.75296912114014,0
Census tract,Tract 817,17031081700,5537,134579,67.54941469967378,1.0755579456843238
Census tract,Tract 818,17031081800,11373,157238,73.15219149280284,0.3896103896103896
Census tract,Tract 819,17031081900,1325,238250,67.99065420560748,4.680851063829787
Census tract,Tract 901,17031090100,3585,136463,84.33804441880588,1.892081289
Census tract,Tract 902,17031090200,6626,129786.99999999999,78.48399246704332,2.6057401812688825
Census tract,Tract 903,17031090300,1314,117768,81.67155425219941,0
Census tract,Tract 1001,17031100100,5538,109241.99999999999,76.89000358294518,8.294283036551079
Census tract,Tract 1002,17031100200,7024,113767,65.5026455,10.176678445229683
Census tract,Tract 1003,17031100300,6252,74250,78.12052790586739,3.6005939123979216
Census tract,Tract 1004,17031100400,3207,144125,71.55451072583014,6.471981057616416
Census tract,Tract 1005,17031100500,6116,117582.99999999999,75.07593353582276,6.159110350727117
Census tract,Tract 1006,17031100600,4897,84895.99999999999,56.34206219312602,8.866200967221923
Census tract,Tract 1007,17031100700,4967,131932,68.62969315799504,4.564533053515215
Census tract,Tract 1101,17031110100,5568,94140.99999999999,56.98420961304876,7.440860215053763
Census tract,Tract 1102,17031110200,2772,66429,46.683133380381086,16.07669616519174
Census tract,Tract 1103,17031110300,5348,122651.99999999999,63.38862559241706,6.516853933
Census tract,Tract 1104,17031110400,4522,85825,65.64320932317347,6.660184735051045
Census tract,Tract 1105.01,17031110501,4786,104847.99999999999,44.00236360055151,8.418367346938775
Census tract,Tract 1105.02,17031110502,3220,80762,67.67354052,9.054857898215465
Census tract,Tract 1201,17031120100,4402,157543,81.06725146198829,2.711864406779661
Census tract,Tract 1202,17031120200,4748,155480.99999999997,81.17201426024955,1.7016449234259785
Census tract,Tract 1203,17031120300,6920,137043,78.41533906668546,4.704037632301058
Census tract,Tract 1204,17031120400,3526,117403.99999999999,44.128392484342385,12.846946867565425
Census tract,Tract 1301,17031130100,5205,41336,63.21091290661071,29.916897506925206
Census tract,Tract 1302,17031130200,1403,103611,44.27430093209054,6.666666666666667
Census tract,Tract 1303,17031130300,5083,69856.99999999999,29.47261663286004,14.913232104121471
Census tract,Tract 1401,17031140100,3464,92594.99999999999,41.55162893429045,9.16597853
Census tract,Tract 1402,17031140200,5834,68875,28.186274509803923,22.05304518664047
Census tract,Tract 1403.01,17031140301,2693,71647.99999999999,9.628378378,11.987041036717065
Census tract,Tract 1403.02,17031140302,4060,75805.99999999999,34.991171277221895,10.945644080416978
Census tract,Tract 1404,17031140400,6503,98818.99999999999,40.29335634167386,13.778204512722036
Census tract,Tract 1405,17031140500,3451,70598,35.16233766233766,12.96829971181556
Census tract,Tract 1406.01,17031140601,2545,81833,25.353871773522062,20.34739454094293
Census tract,Tract 1406.02,17031140602,5041,67321,19.968553459119494,22.27432590855803
Census tract,Tract 1407.01,17031140701,2784,107790,25.15811665495432,9.073359073359072
Census tract,Tract 1407.02,17031140702,5535,78788.99999999999,26.72057164347499,13.636363636363637
Census tract,Tract 1408,17031140800,6486,100249.99999999999,58.81974593986171,8.954664668415138
Census tract,Tract 1502,17031150200,7434,94020.99999999999,57.10034013605442,11.2407211
Census tract,Tract 1503,17031150300,7120,88124.99999999999,67.31875719217491,8.92077355
Census tract,Tract 1504.01,17031150401,4681,93615.99999999999,58.44390832328106,15.217391304347828
Census tract,Tract 1504.02,17031150402,3831,102093.99999999999,45.789608395188125,16.088560885608857
Census tract,Tract 1505.01,17031150501,3823,126806,59.60654062340317,6.040709126723572
Census tract,Tract 1505.02,17031150502,4239,69868.99999999999,46.05630231,11.672131147540982
Census tract,Tract 1506,17031150600,3882,95044.99999999999,42.010502625656414,10.466760961810468
Census tract,Tract 1507,17031150700,4429,108385,47.60556735079028,6.113843991567112
Census tract,Tract 1508,17031150800,4903,79044,39.49965572641726,11.761263897015798
Census tract,Tract 1510.01,17031151001,2833,91991.99999999999,26.30582891748675,18.489289740698982
Census tract,Tract 1510.02,17031151002,4588,78850.99999999999,25.530560271646856,13.28883495145631
Census tract,Tract 1511,17031151100,5140,76864,39.95646150801504,12.54054054054054
Census tract,Tract 1512,17031151200,3880,92201,50.95298602287166,12.970069071373752
Census tract,Tract 1601,17031160100,2444,111602,57.088989441930615,6.706706706706707
Census tract,Tract 1602,17031160200,3278,128287.99999999999,62.89762868710237,7.342922028766086
Census tract,Tract 1603,17031160300,3769,76082.99999999999,53.48377997179126,12.109375
Census tract,Tract 1604,17031160400,4854,72592.99999999999,44.34615384615385,15.29466791393826
Census tract,Tract 1605.01,17031160501,3703,76513.99999999999,28.19219538093974,22.4822695
Census tract,Tract 1605.02,17031160502,3300,85499.99999999999,24.59728969572999,11.538461538461538
Census tract,Tract 1606.01,17031160601,3380,74310,57.91223404255319,6.438896189224705
Census tract,Tract 1606.02,17031160602,3481,96323.99999999999,47.35995711605468,14.131812420785806
Census tract,Tract 1607,17031160700,5766,89530.99999999999,32.75753768844221,17.21958925750395
Census tract,Tract 1608,17031160800,4997,83148,30.72425499811392,11.128860489882854
Census tract,Tract 1609,17031160900,2410,116062.99999999999,61.62695152013147,6.557377049180328
Census tract,Tract 1610,17031161000,1899,113286.99999999999,68.3127572,3.766707168894289
Census tract,Tract 1611,17031161100,1940,153749.99999999997,64.72346786248131,9.066666666666666
Census tract,Tract 1612,17031161200,2820,76797,28.926223520818116,18.089990817263544
Census tract,Tract 1613,17031161300,3899,58425,35.54552694451819,10.970196575776791
Census tract,Tract 1701,17031170100,2034,41699,76.36549259826441,5.161290322580645
Census tract,Tract 1702,17031170200,3812,90624.99999999999,49.02925895542795,11.755607115235886
Census tract,Tract 1703,17031170300,5216,95328,57.63048223853939,4.2981501632208925
Census tract,Tract 1704,17031170400,4141,105523.99999999999,60.91344940701489,6.650093225605966
Census tract,Tract 1705,17031170500,5316,85394.99999999999,62.13999999999999,10.260115606936417
Census tract,Tract 1706,17031170600,2551,78187,64.14653156664069,2.4870466321243523
Census tract,Tract 1707,17031170700,3068,82284,61.05006105006105,7.805724197745014
Census tract,Tract 1708,17031170800,3799,71897,53.11254980079681,11.415220293724966
Census tract,Tract 1709,17031170900,1662,61770.99999999999,38.29344432882414,11.598746081504702
Census tract,Tract 1710,17031171000,7313,82789.99999999999,46.41377111890341,7.601038190582128
Census tract,Tract 1711,17031171100,4235,94829.99999999999,36.99324324324324,10.424422933730456
Census tract,Tract 1801,17031180100,6656,97301,38.03636363636363,9.916994320664044
Census tract,Tract 1901,17031190100,2325,53716.99999999999,9.196837286724929,30.921820303383896
Census tract,Tract 1902,17031190200,5652,82550.99999999999,12.16756475,31.300061614294517
Census tract,Tract 1903,17031190300,5738,68281,18.702085933321445,25.012189176011702
Census tract,Tract 1904.01,17031190401,4325,104230.99999999999,20.86365841824357,13.390092879256963
Census tract,Tract 1904.02,17031190402,5294,60316,27.326816829579258,7.928531546621999
Census tract,Tract 1906.01,17031190601,4382,73607,8.394879369768587,32.26773226773227
Census tract,Tract 1906.02,17031190602,5378,73315,18.471104608632043,9.930423782416192
Census tract,Tract 1907.01,17031190701,2972,67868,23.37467117624953,14.960629921259844
Census tract,Tract 1907.02,17031190702,4952,65551,10.790144435004247,18.58760826115923
Census tract,Tract 1908,17031190800,6831,56310.99999999999,9.057856465380969,26.79601468274777
Census tract,Tract 1909,17031190900,1927,64375,15.290697674418604,30.27823240589198
Census tract,Tract 1910,17031191000,2422,66632,4.845446950710109,22.161422708618332
Census tract,Tract 1911,17031191100,7533,53682.99999999999,6.862589356632248,22.86617492096944
Census tract,Tract 1912,17031191200,3810,64687.99999999999,4.831430846827715,38.16155988857939
Census tract,Tract 1913.01,17031191301,5214,65240,3.340668133626725,17.328292375551353
Census tract,Tract 1913.02,17031191302,4940,58207.99999999999,5.083220872694557,38.559322033898304
Census tract,Tract 2001,17031200100,4118,72417,13.448555225492845,19.429452582883577
Census tract,Tract 2002,17031200200,5162,65599,14.285714285714285,20.13888888888889
Census tract,Tract 2003,17031200300,2015,39739.99999999999,10.70840197693575,11.373092926490983
Census tract,Tract 2004.01,17031200401,3743,73384,3.0648842517117707,16.004296455424274
Census tract,Tract 2004.02,17031200402,4192,77090.99999999999,18.73722926031876,12.835820895522389
Census tract,Tract 2101,17031210100,4066,115704.99999999999,46.696554978763565,5.858930602957907
Census tract,Tract 2104,17031210400,2912,64664.99999999999,16.9019182,21.09617373319545
Census tract,Tract 2105.01,17031210501,3555,74885.99999999999,32.80028429282161,13.372093023255813
Census tract,Tract 2105.02,17031210502,4099,79856.99999999999,24.584870848708487,16.160949868073878
Census tract,Tract 2106.01,17031210601,2717,90357,34.190330007674596,8.056042031523642
Census tract,Tract 2106.02,17031210602,4148,93589,30.734703519962203,18.01426872770511
Census tract,Tract 2107,17031210700,3907,100151,43.10626702997275,3.653846153846154
Census tract,Tract 2108,17031210800,986,92374.99999999999,41.58043273753528,11.264367816091951
Census tract,Tract 2109,17031210900,3170,106082.99999999999,57.14771953710007,10.846560846560848
Census tract,Tract 2203,17031220300,2207,94653.99999999999,59.27495291902072,4.923076923076923
Census tract,Tract 2204,17031220400,2579,124613,62.12814645308925,14.26086956521739
Census tract,Tract 2205,17031220500,2751,107856.99999999999,58.104906937394254,8.23943662
Census tract,Tract 2206.01,17031220601,1635,130500,56.294536817102134,6.631299734748011
Census tract,Tract 2206.02,17031220602,4877,71206.99999999999,54.666968735840506,13.799551234106207
Census tract,Tract 2207.01,17031220701,2920,79948,38.40529247910863,7.537248028045573
Census tract,Tract 2207.02,17031220702,3653,80452,35.37254901960784,9.112854556427278
Census tract,Tract 2209.01,17031220901,2903,83681,16.585024492652202,18.79844961
Census tract,Tract 2209.02,17031220902,2959,78303.99999999999,28.28154724159797,19.0521327
Census tract,Tract 2210,17031221000,2432,89043.99999999999,42.38488784,16.272727272727273
Census tract,Tract 2211,17031221100,4440,96513.99999999999,48.76543209876543,8.345606283750612
Census tract,Tract 2212,17031221200,2954,126481,46.18055555555556,8.474576271
Census tract,Tract 2213,17031221300,3062,87431.99999999999,47.59615384615385,3.4482758620689653
Census tract,Tract 2214,17031221400,3385,108788.99999999999,50.28286189683861,6.998037933289732
Census tract,Tract 2215,17031221500,2909,72292,52.86757038581856,12.89875173370319
Census tract,Tract 2216,17031221600,3159,138152,64.94360902255639,2.3391812865497075
Census tract,Tract 2222,17031222200,2156,188064.99999999997,85.75355016032982,0
Census tract,Tract 2225,17031222500,1415,155877.99999999997,69.79621543,5.464480874
Census tract,Tract 2226,17031222600,1599,94687.99999999999,53.54381443298969,7.427055702917771
Census tract,Tract 2227,17031222700,2082,86473,35.18867924528302,10.37851037851038
Census tract,Tract 2228,17031222800,960,71484,19.242902208201897,17.321016166281755
Census tract,Tract 2229,17031222900,1089,89630,21.78030303030303,14.393939393939394
Census tract,Tract 2301,17031230100,1504,89772.99999999999,42.318059299191376,11.624203821656051
Census tract,Tract 2302,17031230200,1834,78056,29.467580390089616,16.13372093023256
Census tract,Tract 2303,17031230300,956,67337,7.984031936127744,23.88663967611336
Census tract,Tract 2304,17031230400,2235,91771,22.16681776971895,17.829457364341085
Census tract,Tract 2305,17031230500,3419,35727,3.3542976939203357,51.97521301316809
Census tract,Tract 2306,17031230600,6817,57219.99999999999,9.274630097437749,38.03142329020333
Census tract,Tract 2307,17031230700,6218,33994,7.209302325581396,37.34299516908213
Census tract,Tract 2308,17031230800,1234,71328,24.861367837338264,23.93617021276596
Census tract,Tract 2309,17031230900,5044,80756,30.84536082474227,18.132411067193676
Census tract,Tract 2311,17031231100,1214,59745,4.784053156,36.556603773584904
Census tract,Tract 2312,17031231200,5983,31628.999999999996,2.859147517979302,52.795969773299745
Census tract,Tract 2315,17031231500,5655,31754.999999999996,5.369561701439431,38.370044052863435
Census tract,Tract 2402,17031240200,1556,172019,62.17345872518286,13.91304347826087
Census tract,Tract 2403,17031240300,1362,142292,78.91472868217055,0
Census tract,Tract 2405,17031240500,2610,178770,78.16646562,0.6671608598962194
Census tract,Tract 2406,17031240600,1489,166536.99999999997,57.82800441014333,4.409857328145266
Census tract,Tract 2407,17031240700,1499,96250,50.126742712294046,14.763231197771589
Census tract,Tract 2408,17031240800,1687,103565,52.00254291163382,15.827338129496402
Census tract,Tract 2409,17031240900,1122,98145,36.780575539568346,9.981515711645102
Census tract,Tract 2410,17031241000,2363,96517.99999999999,43.53591160220994,19.186046511627907
Census tract,Tract 2411,17031241100,3574,90822,51.86685962373372,17.487980769230766
Census tract,Tract 2412,17031241200,1714,139687.99999999997,68.23040380047506,11.837655016910936
Census tract,Tract 2413,17031241300,1848,182828.99999999997,68.41278156102672,7.711757269279393
Census tract,Tract 2414,17031241400,5273,200428.99999999997,74.61421061556723,5.076923076923077
Census tract,Tract 2415,17031241500,2954,178750,69.81412639405204,3.295019157088123
Census tract,Tract 2416,17031241600,3534,121470.99999999999,65.25085518814139,4.6223224351747465
Census tract,Tract 2420,17031242000,4692,151723.99999999997,56.03524229,12.629757785467127
Census tract,Tract 2421,17031242100,3976,205338,63.52941176470588,3.571428571428571
Census tract,Tract 2422,17031242200,4082,168311,79.50859951,0.8607594936708861
Census tract,Tract 2423,17031242300,3568,106918.99999999999,74.04268675455116,3.3950617283950617
Census tract,Tract 2424,17031242400,2902,110129,75.11781338360038,2.817783343769568
Census tract,Tract 2425,17031242500,3426,93278.99999999999,60.75607560756075,4.1015625
Census tract,Tract 2426,17031242600,5665,85000,48.75724163707718,14.64451313755796
Census tract,Tract 2427,17031242700,1938,80227,50.72992700729927,27.667493796526056
Census tract,Tract 2428,17031242800,1507,165374.99999999997,70.24128686327077,4.630969609261939
Census tract,Tract 2429,17031242900,1962,124960,64.00839454,2.2485207100591715
Census tract,Tract 2430,17031243000,2234,123749.99999999999,55.17088326675543,12.112932604735883
Census tract,Tract 2431,17031243100,2249,107832.99999999999,40.56956115779645,3.862212943632568
Census tract,Tract 2432,17031243200,2287,124647.99999999999,55.203045685279186,4.028648164726947
Census tract,Tract 2433,17031243300,2431,122917,68.42818428184282,7.804522246535376
Census tract,Tract 2434,17031243400,2880,113965.99999999999,63.83616383616384,14.22077922077922
Census tract,Tract 2435,17031243500,4746,169198,70.81318681318682,1.639344262295082
Census tract,Tract 2502,17031250200,2779,45018.99999999999,2.706824247045368,31.770222743259087
Census tract,Tract 2503,17031250300,4742,64536.99999999999,7.578861122490782,26.031553398058257
Census tract,Tract 2504,17031250400,5789,47280.99999999999,4.648241206030151,26.42685851318945
Census tract,Tract 2505,17031250500,7315,120386,32.45112381965687,13.647301478171192
Census tract,Tract 2506,17031250600,4203,81458,0.4420660772452303,39.03950426026336
Census tract,Tract 2507,17031250700,5932,50923.99999999999,2.1201413427561837,41.40805928670681
Census tract,Tract 2508,17031250800,2432,65884,0.4059040590405903,19.82651796778191
Census tract,Tract 2510,17031251000,1075,35568,0,29.594272076372313
Census tract,Tract 2511,17031251100,4468,40583.99999999999,0.2226179875333926,48.298122065727696
Census tract,Tract 2512,17031251200,3910,64309,0.3292568203198495,29.635761589403977
Census tract,Tract 2513,17031251300,5098,42182,3.6438119879258304,39.361702127659576
Census tract,Tract 2514,17031251400,3986,21049,9.574793515,52.44191559981034
Census tract,Tract 2515,17031251500,4342,47491,0,34.61803166
Census tract,Tract 2516,17031251600,3522,34332,10.457220461747395,36.98738170347003
Census tract,Tract 2517,17031251700,1347,57037,3.114478114478114,33.96226415
Census tract,Tract 2518,17031251800,5101,36681,0.2127282396738166,50.55136390017412
Census tract,Tract 2519,17031251900,5387,35047,1.6059757236227823,42.72125723738627
Census tract,Tract 2520,17031252000,5646,30103,8.536374633,61.86511240632806
Census tract,Tract 2521.01,17031252101,1502,50138.99999999999,0.1231527093596059,25.82417582417583
Census tract,Tract 2521.02,17031252102,6187,51991.99999999999,0,58.29995549621718
Census tract,Tract 2522.01,17031252201,2940,45457.99999999999,3.1298904538341157,42.57703081232493
Census tract,Tract 2522.02,17031252202,4783,45839,0.6157635467980296,48.45192829983704
Census tract,Tract 2601,17031260100,1477,21874.999999999996,1.222707423580786,61.97836166924265
Census tract,Tract 2602,17031260200,1054,51125,0.4709576138147566,51.653944020356235
Census tract,Tract 2603,17031260300,1528,,1.609907120743034,61.19402985074627
Census tract,Tract 2604,17031260400,1398,13489,0,57.22326454033771
Census tract,Tract 2605,17031260500,1833,40990.99999999999,0.1254705144291091,33.83084577114428
Census tract,Tract 2606,17031260600,2114,42874.99999999999,1.276595744680851,36.71641791044776
Census tract,Tract 2607,17031260700,1691,46167,1.3980263157894737,52.27272727272727
Census tract,Tract 2608,17031260800,2271,36681,5.331088664421998,56.94656488549619
Census tract,Tract 2609,17031260900,1778,20841,8.089500860585199,61.78660049627791
Census tract,Tract 2610,17031261000,2289,48482,0,42.02586206896552
Census tract,Tract 2705,17031270500,1619,24374.999999999996,1.2756909992912826,55.51948051948053
Census tract,Tract 2712,17031271200,1172,31048,8.734270910436713,48.333333333333336
Census tract,Tract 2713,17031271300,1060,45045.99999999999,1.0227272727272727,36.33633633633634
Census tract,Tract 2714,17031271400,1535,43354.99999999999,14.609739826551037,54.71698113207547
Census tract,Tract 2715,17031271500,1373,50925.99999999999,1.056105610561056,66.03375527426161
Census tract,Tract 2718,17031271800,976,51549.99999999999,9.079445145018916,49.504950495049506
Census tract,Tract 2801,17031280100,7421,148319,69.55637472988433,0.5160339107998526
Census tract,Tract 2804,17031280400,1231,36681,7.570977917981073,46.88057040998218
Census tract,Tract 2808,17031280800,1198,31500,4.633204633204633,37.5
Census tract,Tract 2809,17031280900,1077,,14.23699914748508,39.800995024875625
Census tract,Tract 2819,17031281900,7031,125918,41.42197048740498,5.5633147113594035
Census tract,Tract 2827,17031282700,2558,88646,25.75416479063485,16.413662239089184
Census tract,Tract 2828,17031282800,1634,85000,26.303175554224083,6.291390728476822
Census tract,Tract 2831,17031283100,2717,61805.99999999999,31.07302533532042,9.733893557
Census tract,Tract 2832,17031283200,1670,64222.99999999999,27.84880489160645,25.15188335358445
Census tract,Tract 2838,17031283800,3343,86102.99999999999,24.29331094,25.85456805469236
Census tract,Tract 2909,17031290900,3975,46189,1.6639325052730254,56.528417818740394
Census tract,Tract 2912,17031291200,2286,24554.999999999996,0.1305483028720626,39.39393939393939
Census tract,Tract 2916,17031291600,874,125050,18.690958164642375,12.151067323481117
Census tract,Tract 2922,17031292200,2942,37028,1.607717041800643,27.09205020920502
Census tract,Tract 2924,17031292400,2041,40151.99999999999,18.858421936205932,57.758620689655174
Census tract,Tract 2925,17031292500,4057,54967.99999999999,0,37.76881720430107
Census tract,Tract 3005,17031300500,3243,76022.99999999999,6.6051341217190656,21.80143296
Census tract,Tract 3006,17031300600,3253,51091.99999999999,5.230557467309016,34.61939520333681
Census tract,Tract 3007,17031300700,4798,49205.99999999999,1.1252344238382996,23.205342237061767
Census tract,Tract 3008,17031300800,4136,31160.999999999996,3.8783816135982767,39.96789727126806
Census tract,Tract 3009,17031300900,4553,34258.99999999999,2.9959514170040484,15.96842744383728
Census tract,Tract 3011,17031301100,2323,44597.99999999999,11.939690301548492,25.482625482625483
Census tract,Tract 3012,17031301200,4087,53653.99999999999,5.126102112,27.032019704433495
Census tract,Tract 3016,17031301600,4995,30158,4.538925596093077,13.998660415271264
Census tract,Tract 3017.01,17031301701,4279,56459.99999999999,10.247180225581952,16.895604395604398
Census tract,Tract 3017.02,17031301702,4121,68999.99999999999,2.105506709856548,20.531400966183575
Census tract,Tract 3018.01,17031301801,3947,48944,1.0782289515944024,20.181968569065344
Census tract,Tract 3018.02,17031301802,3376,25512.999999999996,2.207948615014051,9.735449735449736
Census tract,Tract 3018.03,17031301803,5107,59212.99999999999,2.7573529411764706,19.168787107718405
Census tract,Tract 3102,17031310200,1588,122422,37.97846889952153,5.934343434343434
Census tract,Tract 3103,17031310300,1767,75605,17.162471395881006,11.460957178841308
Census tract,Tract 3104,17031310400,1375,80786,27.154582763337892,7.658321060382916
Census tract,Tract 3105,17031310500,1399,52343.99999999999,15.74468085106383,19.765739385065885
Census tract,Tract 3106,17031310600,5498,75603.99999999999,29.848130841121495,21.046373365041617
Census tract,Tract 3107,17031310700,1700,72683.99999999999,17.334254143646408,11.97411003236246
Census tract,Tract 3108,17031310800,4175,72059,21.075919888216117,24.202733485193622
Census tract,Tract 3109,17031310900,4781,76757.99999999999,14.240631163708088,20.13778484
Census tract,Tract 3201.01,17031320101,9532,129221,55.115117289313645,0
Census tract,Tract 3201.02,17031320102,4846,109211,57.373358348968104,1.9286754002911208
Census tract,Tract 3204,17031320400,2856,137917,55.272056563172455,3.791469194312796
Census tract,Tract 3206,17031320600,6395,117846.99999999999,46.800791556728235,4.104477611940299
Census tract,Tract 3301.01,17031330101,4592,181012.99999999997,54.44664031620553,1.8087855297157625
Census tract,Tract 3301.02,17031330102,10811,110464,45.41840588352216,10.021991831605405
Census tract,Tract 3301.03,17031330103,8248,122956.99999999999,57.54152073212067,11.954304365565076
Census tract,Tract 3302,17031330200,4008,140556,45.71357779980178,20.179372197309416
Census tract,Tract 3403,17031340300,1865,50542.99999999999,14.620217018846374,33.93854748603352
Census tract,Tract 3404,17031340400,1844,41125,23.28847279110591,21.714285714285715
Census tract,Tract 3405,17031340500,1629,61017.99999999999,48.41909485430874,23.68692070030896
Census tract,Tract 3406,17031340600,1151,20588,6.449422946367957,59.51417004048582
Census tract,Tract 3501,17031350100,2228,64999.99999999999,5.728760717069369,7.614555256
Census tract,Tract 3504,17031350400,1512,20937.999999999996,0,63.80368098159509
Census tract,Tract 3510,17031351000,3640,61346.99999999999,2.6635634859063875,14.44130697862041
Census tract,Tract 3511,17031351100,2038,19913,0,66.69767441860465
Census tract,Tract 3514,17031351400,1392,30541.999999999996,6.820950061,62.64150943396226
Census tract,Tract 3515,17031351500,823,65938,9.497816593886462,42.14659685863874
Census tract,Tract 3602,17031360200,1651,28455.999999999996,0.9635974304068522,58.22002472187886
Census tract,Tract 3801,17031380100,2207,79734,6.751054852320674,37.464251668255486
Census tract,Tract 3802,17031380200,2408,18689.999999999996,13.79310344827586,47.52475247524752
Census tract,Tract 3806,17031380600,3947,35804,13.521772345301756,47.19693339722089
Census tract,Tract 3812,17031381200,2077,53749.99999999999,3.0523255813953485,28.740875912408757
Census tract,Tract 3814,17031381400,1796,44399,0.8839127872716559,39.07103825136612
Census tract,Tract 3815,17031381500,667,25018.999999999996,2.941176470588235,38.242280285035626
Census tract,Tract 3818,17031381800,1462,49670.99999999999,1.915455746367239,35.70504527813713
Census tract,Tract 3819,17031381900,1106,65505.99999999999,21.722265321955003,30.13435700575815
Census tract,Tract 3901,17031390100,1553,,11.04154809334092,21.55388471177945
Census tract,Tract 3902,17031390200,1883,109867.99999999999,14.553775743707092,15.859030837004406
Census tract,Tract 3903,17031390300,2617,35266,3.847695390781563,42.4025974
Census tract,Tract 3904,17031390400,2871,31832.999999999996,3.901677721420211,43.522267206477736
Census tract,Tract 3905,17031390500,1666,62187.99999999999,30.71470761961016,15.704387990762124
Census tract,Tract 3906,17031390600,1994,94114.99999999999,41.22471295790049,16.191562143671607
Census tract,Tract 3907,17031390700,6532,67609.99999999999,26.834045584045583,7.109959700633276
Census tract,Tract 4003,17031400300,1504,71287.99999999999,3.872966692486445,33.55481728
Census tract,Tract 4004,17031400400,1995,40028.99999999999,2.650356778797146,35.044642857142854
Census tract,Tract 4005,17031400500,2372,24659,1.5198618307426597,37.95681063122924
Census tract,Tract 4008,17031400800,3178,22648,0,62.87650602409639
Census tract,Tract 4101,17031410100,2272,58666.99999999999,22.947080291970803,5.812324929971989
Census tract,Tract 4102,17031410200,1165,62591,41.57303370786517,3.310344827586207
Census tract,Tract 4105,17031410500,2922,73040.99999999999,20.59993878175696,19.38534278959811
Census tract,Tract 4106,17031410600,2371,48071,40.07569386038688,9.585492227979271
Census tract,Tract 4107,17031410700,2399,56999.99999999999,37.781166603126195,6.229773462783172
Census tract,Tract 4108,17031410800,2993,63090.99999999999,43.06358382,15.91737545565006
Census tract,Tract 4109,17031410900,3670,75561.99999999999,49.362970994849555,2.5536261491317673
Census tract,Tract 4110,17031411000,3902,69013.99999999999,40.80473957047643,0.2852485737571312
Census tract,Tract 4111,17031411100,2379,123611,55.42534722222222,2.151639344262295
Census tract,Tract 4112,17031411200,1713,93957.99999999999,58.844765342960294,3.254067584480601
Census tract,Tract 4201,17031420100,1642,22215,1.7023959646910467,44.83596598
Census tract,Tract 4202,17031420200,1781,39687.99999999999,23.272357723577237,43.97677793904209
Census tract,Tract 4203,17031420300,2818,42880.99999999999,38.64006514657981,22.473604826546005
Census tract,Tract 4204,17031420400,1544,38605,17.753120665742024,38.88888888888889
Census tract,Tract 4205,17031420500,2053,22432,2.377414562,52.21674876847291
Census tract,Tract 4206,17031420600,2524,43063,2.1235521235521233,46.20829120323559
Census tract,Tract 4207,17031420700,3021,28604.999999999996,0.084638172,40.23972602739726
Census tract,Tract 4208,17031420800,2457,56356.99999999999,4.043956043956045,38.681102362204726
Census tract,Tract 4212,17031421200,1405,45971.99999999999,0.1072386058981233,64.37768240343348
Census tract,Tract 4301.01,17031430101,4091,37916.99999999999,0.3660130718954248,48.24281150159744
Census tract,Tract 4301.02,17031430102,3104,49671.99999999999,3.896508728179551,25.960320810468552
Census tract,Tract 4302,17031430200,5086,34071.99999999999,6.246351430239346,38.28613460831187
Census tract,Tract 4303,17031430300,2558,53806.99999999999,1.3162843174125611,36.38113570741097
Census tract,Tract 4304,17031430400,3031,38034,3.362474781439139,35.09833585476551
Census tract,Tract 4305,17031430500,4098,36309.99999999999,0.375,44.876153472559494
Census tract,Tract 4306,17031430600,1670,42487,0.7099391480730223,45.22924411400248
Census tract,Tract 4307,17031430700,2175,37983,5.403050108932462,40.833333333333336
Census tract,Tract 4308,17031430800,1862,47625,0,22.29140722291407
Census tract,Tract 4309,17031430900,1797,31356.999999999996,0.7766990291262136,42.03747072599532
Census tract,Tract 4312,17031431200,2898,60109.99999999999,0.6556112610875434,22.872755659640905
Census tract,Tract 4313.01,17031431301,3590,36496,3.530045809754783,46.86423156443832
Census tract,Tract 4313.02,17031431302,4351,31980.999999999996,3.251387787470262,51.82608695652174
Census tract,Tract 4314,17031431400,6716,38438,6.963706107996459,38.74695863746959
Census tract,Tract 4401.01,17031440101,4171,28326,0.1504890895410082,45.63540397888753
Census tract,Tract 4401.02,17031440102,3633,36650,0,39.22959959452611
Census tract,Tract 4402.01,17031440201,5054,38256.99999999999,0,44.70438111
Census tract,Tract 4402.02,17031440202,3525,35079,0.6213753106876554,20.33374536464771
Census tract,Tract 4403,17031440300,4677,55475.99999999999,0,22.930232558139537
Census tract,Tract 4406,17031440600,1996,56988.99999999999,0.498132005,32.85917496443812
Census tract,Tract 4407,17031440700,1497,91031,0,36.80430879712747
Census tract,Tract 4408,17031440800,1620,23750,0,48.87005649717514
Census tract,Tract 4409,17031440900,2462,43358.99999999999,19.94619523443505,40.117994100294986
Census tract,Tract 4503,17031450300,3252,46207,0.777121542,23.355704697986575
Census tract,Tract 4601,17031460100,2840,48206.99999999999,7.234927234927236,31.32036847492323
Census tract,Tract 4602,17031460200,1948,29246,2.9356943150046595,47.78378378378378
Census tract,Tract 4603.01,17031460301,2987,41296,1.747311827956989,37.36089030206677
Census tract,Tract 4603.02,17031460302,3282,44306,10.875262054507337,34.68118195956454
Census tract,Tract 4604,17031460400,3411,70472,0.7598784194528876,41.035258814703674
Census tract,Tract 4605,17031460500,5400,54850,8.156723063,32.384081781672144
Census tract,Tract 4608,17031460800,3639,33048,0.7685738684884714,60.87591240875913
Census tract,Tract 4610,17031461000,1460,14310.999999999998,5.363036303630363,76.11336032388664
Census tract,Tract 4701,17031470100,2527,46614,0,38.84120172
Census tract,Tract 4801,17031480100,2001,71718.99999999999,0,13.333333333333334
Census tract,Tract 4802,17031480200,1103,49666.99999999999,0,16.833333333333332
Census tract,Tract 4803,17031480300,1348,54267.99999999999,1.2466607301869992,25.81967213114754
Census tract,Tract 4804,17031480400,5650,78064,0,14.722104369961816
Census tract,Tract 4805,17031480500,2986,59483.99999999999,1.4229811454998222,19.896640826873384
Census tract,Tract 4902,17031490200,3040,65268,3.4127495170637476,18.044572250179726
Census tract,Tract 4905,17031490500,1995,78319,4.379977246871445,15.543328748280604
Census tract,Tract 4906,17031490600,1443,66927,8.823529411764707,28.982725527831093
Census tract,Tract 4907,17031490700,2656,42083,0.5221932114882507,24.82678983833718
Census tract,Tract 4908,17031490800,3502,47212,0,31.281198003327788
Census tract,Tract 4909.01,17031490901,3403,32283.999999999996,1.4544025157232705,46.04726976365118
Census tract,Tract 4909.02,17031490902,4647,69470.99999999999,0,21.951219512195124
Census tract,Tract 4910,17031491000,3807,33065,13.115212527964207,58.90295358649789
Census tract,Tract 4911,17031491100,4079,77044.99999999999,1.882693700217234,23.08259587020649
Census tract,Tract 4912,17031491200,2019,60416.99999999999,1.5011547344110854,20.64516129032258
Census tract,Tract 4913,17031491300,2023,39614.99999999999,0.3389830508474576,42.63803680981595
Census tract,Tract 4914,17031491400,2593,38491,0.5608974358974359,22.232558139534884
Census tract,Tract 5001,17031500100,3545,67708,1.989562948467058,16.566466265865063
Census tract,Tract 5002,17031500200,1688,40720,0,48.74686717
Census tract,Tract 5003,17031500300,1587,51335.99999999999,46.27688913403199,24
Census tract,Tract 5101,17031510100,3231,71275.99999999999,9.292156326865264,11.755361397934868
Census tract,Tract 5102,17031510200,2922,48917,7.393244104525174,28.677074774034512
Census tract,Tract 5103,17031510300,4850,30874.999999999996,0.9952499434517076,53.22331098504384
Census tract,Tract 5201,17031520100,1745,58712.99999999999,5.822416302765648,36.56565656565657
Census tract,Tract 5202,17031520200,3338,46802.99999999999,7.754342431761787,32.075471698113205
Census tract,Tract 5203,17031520300,5675,54174.99999999999,8.603761025128973,24.739712444224097
Census tract,Tract 5204,17031520400,4055,49493.99999999999,13.613265579031829,18.89818688981869
Census tract,Tract 5205,17031520500,4420,84563,14.152410575427682,16.051779935275082
Census tract,Tract 5206,17031520600,2530,70749.99999999999,13.45565749235474,15.77639751552795
Census tract,Tract 5301,17031530100,2197,29746.999999999996,0.6458557588805167,43.63636363636363
Census tract,Tract 5302,17031530200,4128,39578.99999999999,2.9887310142087213,54.32793807178044
Census tract,Tract 5303,17031530300,3964,56923.99999999999,1.156403584851113,26.855345911949684
Census tract,Tract 5304,17031530400,2059,83835.99999999999,2.3047375160051216,17.42331288343558
Census tract,Tract 5305.01,17031530501,4514,40999.99999999999,1.3535031847133758,52.53863134657837
Census tract,Tract 5305.02,17031530502,1570,75986,0,21.913043478260867
Census tract,Tract 5305.03,17031530503,4898,50404.99999999999,0,28.205128205128204
Census tract,Tract 5306,17031530600,2774,41678,0,27.531645569620256
Census tract,Tract 5401.01,17031540101,4324,16175.999999999998,0.1990544911669569,60.34482759
Census tract,Tract 5401.02,17031540102,2938,24582.999999999996,0.398066534,72.14007782101167
Census tract,Tract 5501,17031550100,7019,52174,31.274996,22.312824314306894
Census tract,Tract 5502,17031550200,2969,72231.99999999999,35.588235294117645,20.37037037037037
Census tract,Tract 5601,17031560100,1477,69490.99999999999,11.28,17.46031746031746
Census tract,Tract 5602,17031560200,1710,73124.99999999999,2.2578728461081403,21.19460500963391
Census tract,Tract 5603,17031560300,3253,61978.99999999999,17.446307737569875,18.94150417827298
Census tract,Tract 5604,17031560400,1630,74554,13.552631578947368,24.842105263157897
Census tract,Tract 5607,17031560700,3635,80572.99999999999,27.91970802919708,12.206216830932524
Census tract,Tract 5608,17031560800,5682,105886,39.87395673650145,5.546995377503852
Census tract,Tract 5609,17031560900,5112,106487,51.50390625,3.2996274614156467
Census tract,Tract 5610,17031561000,5308,85741,51.713341450687075,7.585004359197908
Census tract,Tract 5611,17031561100,5581,107856.99999999999,42.114384748700175,8.379120879120878
Census tract,Tract 5701,17031570100,1316,73461.99999999999,11.70839469808542,16.74208145
Census tract,Tract 5702,17031570200,2096,,15.417867435158502,33.17249698431846
Census tract,Tract 5703,17031570300,6376,60138.99999999999,10.262332948358356,8.837453971593897
Census tract,Tract 5704,17031570400,1769,72263,12.275784753363228,23.30708661417323
Census tract,Tract 5705,17031570500,2639,74899,14.071637426900583,11.70610211706102
Census tract,Tract 5801,17031580100,3228,49323,15.716210148181409,17.672886937431397
Census tract,Tract 5802,17031580200,3466,36010,2.076677316,41.92139737991266
Census tract,Tract 5803,17031580300,2577,83029,4.585243851604835,13.64221364221364
Census tract,Tract 5804,17031580400,4546,56190,8.900634249471459,17.70972037283622
Census tract,Tract 5805.01,17031580501,5170,52756.99999999999,9.954058193,20.159803318992008
Census tract,Tract 5805.02,17031580502,5345,59803,4.557011539213769,28.404401650618983
Census tract,Tract 5806,17031580600,5405,67297,7.205525480679485,25.01492537313433
Census tract,Tract 5807,17031580700,5621,59399,7.6467514370318765,40.448756822316554
Census tract,Tract 5808,17031580800,2058,67678.99999999999,1.1066398390342052,18.976897689768975
Census tract,Tract 5905,17031590500,1854,72383,26.76864244741874,3.354838709677419
Census tract,Tract 5906,17031590600,3477,78136.99999999999,14.388874030489434,13.232253618194347
Census tract,Tract 5907,17031590700,3027,77343.99999999999,14.442815249266864,12.386706948640484
Census tract,Tract 6004,17031600400,4297,63497,26.572908956328646,16.175548589341695
Census tract,Tract 6006,17031600600,2988,72209.99999999999,26.730840429470565,13.477088948787062
Census tract,Tract 6007,17031600700,2591,68237,24.684568100938208,10.781893004115227
Census tract,Tract 6009,17031600900,3682,62049,23.71458551941238,15.56420233463035
Census tract,Tract 6103,17031610300,5410,49901,2.8244415728262875,35.08353221957041
Census tract,Tract 6104,17031610400,2029,35938,3.392330383480826,37.74834437086093
Census tract,Tract 6108,17031610800,1512,125249.99999999999,57.18829517,10.032894736842106
Census tract,Tract 6112,17031611200,2680,41479.99999999999,7.450473729543497,45.47908232118758
Census tract,Tract 6113,17031611300,3668,48350.99999999999,5.018222596019064,31.13879003558719
Census tract,Tract 6114,17031611400,3737,32055.999999999996,1.1678090886011678,23.21083172147002
Census tract,Tract 6115,17031611500,3587,42352.99999999999,5.666199158485274,50.19305019305019
Census tract,Tract 6116,17031611600,1921,52691.99999999999,0,47.85992217898833
Census tract,Tract 6117,17031611700,2180,,2.1627188465499483,15.625
Census tract,Tract 6118,17031611800,2205,50250,0,33.53057199211045
Census tract,Tract 6119,17031611900,1984,39375,0,36.46017699115045
Census tract,Tract 6120,17031612000,1448,57395.99999999999,0,30.07968127
Census tract,Tract 6121,17031612100,1168,24999.999999999996,3.1957390146471374,38.57142857142858
Census tract,Tract 6122,17031612200,3939,46227,0,20.77922077922078
Census tract,Tract 6201,17031620100,4567,85256,11.19796755911667,26.090468497576737
Census tract,Tract 6202,17031620200,2390,64106.99999999999,29.07801418439716,13.175230566534916
Census tract,Tract 6203,17031620300,6410,71318.99999999999,12.41114586295138,13.782608695652174
Census tract,Tract 6204,17031620400,5027,62000,7.697501688048616,15.449010654490106
Census tract,Tract 6303,17031630300,5385,64870.99999999999,1.0127531882970742,24.830393487109905
Census tract,Tract 6304,17031630400,7204,58146.99999999999,1.2206572769953052,19.63190184
Census tract,Tract 6305,17031630500,6271,53234.99999999999,2.472666105971405,28.06804374240583
Census tract,Tract 6306,17031630600,3250,48398,4.675607104023197,41.05263157894737
Census tract,Tract 6308,17031630800,6641,72581.99999999999,1.7583848909150115,24.46516730663741
Census tract,Tract 6309,17031630900,5204,49922,1.4829142488716958,14.682539682539684
Census tract,Tract 6401,17031640100,1312,67584.99999999999,8.089734874235214,21.906693711967545
Census tract,Tract 6403,17031640300,6710,86900,30.339734121122603,15.920826161790016
Census tract,Tract 6404,17031640400,3390,93488,48.46406203399941,13.42668863261944
Census tract,Tract 6405,17031640500,3896,76250,41.56655454108601,10.96813725490196
Census tract,Tract 6406,17031640600,4063,74773,36.51698199224983,16.832779623477297
Census tract,Tract 6407,17031640700,3298,78533,19.097744360902254,13.076199435559738
Census tract,Tract 6408,17031640800,1799,40555.99999999999,20.6043956,8.754208754208754
Census tract,Tract 6501,17031650100,4765,65851.99999999999,15.200562983814214,8.067940552016985
Census tract,Tract 6502,17031650200,7251,93041,11.129223473621812,5.616942909760589
Census tract,Tract 6503.01,17031650301,5829,53749.99999999999,11.192027596780376,23.339427178549663
Census tract,Tract 6503.02,17031650302,4522,65832.99999999999,2.8229575621611516,19.874804381846637
Census tract,Tract 6504,17031650400,6894,82757.99999999999,4.428306991314254,20.89642640823743
Census tract,Tract 6505,17031650500,4401,64431.99999999999,17.588932806324113,23.46477052359405
Census tract,Tract 6603.01,17031660301,1850,28845.999999999996,1.6358839050131926,42.05607476635514
Census tract,Tract 6603.02,17031660302,5549,49100.99999999999,0.2822865208186309,23.10866574965612
Census tract,Tract 6604,17031660400,5692,50710,2.8651162790697673,26.16699539776463
Census tract,Tract 6605,17031660500,5013,66944,4.619513130151428,23.097112860892388
Census tract,Tract 6606,17031660600,6404,39913,2.158142908959013,48.77815045519885
Census tract,Tract 6607,17031660700,2076,32864,0,36.06557377
Census tract,Tract 6608,17031660800,6114,43569,1.0793756227167055,35.68521031207598
Census tract,Tract 6609,17031660900,4446,45571.99999999999,2.539981185324553,39.88936693300553
Census tract,Tract 6610,17031661000,5756,49651.99999999999,2.1238938053097343,36.284470246734394
Census tract,Tract 6611,17031661100,6633,69196,3.015983321751216,23.84538152610442
Census tract,Tract 6701,17031670100,1349,36312.99999999999,1.3249651324965133,69.17960088691795
Census tract,Tract 6702,17031670200,1325,96152,0,29.132231404958674
Census tract,Tract 6703,17031670300,1287,35038,4.449307075127644,65.5011655
Census tract,Tract 6704,17031670400,1585,33482,1.0148849797023003,33.965244865718795
Census tract,Tract 6705,17031670500,1148,29855.999999999996,0.6796941376380629,37.53148614609571
Census tract,Tract 6706,17031670600,1339,39000,0.6864988558352403,55.00000000000001
Census tract,Tract 6707,17031670700,1252,29540.999999999996,0,38.85135135135135
Census tract,Tract 6708,17031670800,1477,43145,0.535236396,56.872037914691944
Census tract,Tract 6709,17031670900,1172,30541.999999999996,0,31.09404990403071
Census tract,Tract 6711,17031671100,994,15735,0,74.51456310679612
Census tract,Tract 6712,17031671200,980,42143,1.4588859416445623,36.666666666666664
Census tract,Tract 6713,17031671300,2048,29562.999999999996,0,39.33717579
Census tract,Tract 6714,17031671400,1558,29469,0,27.385159010600702
Census tract,Tract 6715,17031671500,2716,43202.99999999999,0.3688524590163934,38.4180791
Census tract,Tract 6716,17031671600,1804,25849,1.0362694300518136,52.49643366619116
Census tract,Tract 6718,17031671800,1142,52125,0.2454991816693944,37.12737127371274
Census tract,Tract 6719,17031671900,1122,36336.99999999999,0,50.99502487562189
Census tract,Tract 6720,17031672000,3397,45191.99999999999,0.032679739,35.49905838041431
Census tract,Tract 6805,17031680500,1307,42639,6.161473087818696,42.123893805309734
Census tract,Tract 6806,17031680600,1165,52236.99999999999,0,55.12195122
Census tract,Tract 6809,17031680900,3573,18333,1.874811006954944,54.891304347826086
Census tract,Tract 6810,17031681000,2573,27844,0.039047247,57.68880800727935
Census tract,Tract 6811,17031681100,2873,36082.99999999999,0.1425178147268408,38.95216400911162
Census tract,Tract 6812,17031681200,2353,23249.999999999996,4.3305126928820314,54.50292397660819
Census tract,Tract 6813,17031681300,2182,21887.999999999996,0.2853067047075606,78.94736842105263
Census tract,Tract 6814,17031681400,2474,51834.99999999999,0.1642935377875136,14.701378254211331
Census tract,Tract 6903,17031690300,2302,34977.99999999999,4.5592705167173255,41.11888111888112
Census tract,Tract 6904,17031690400,3363,46313,0,41.24918672739103
Census tract,Tract 6905,17031690500,992,57840.99999999999,0,43.50453172205438
Census tract,Tract 6909,17031690900,4250,36926.99999999999,1.9789257260344384,44.68319559
Census tract,Tract 6910,17031691000,2668,64361,1.3333333333333337,28.54771784232365
Census tract,Tract 6911,17031691100,2980,55169.99999999999,0,57.262804366078925
Census tract,Tract 6912,17031691200,2277,34444,0.5943536404160475,35.40145985
Census tract,Tract 6913,17031691300,2374,55203,0,41.008563273073264
Census tract,Tract 6914,17031691400,3411,35495,0.035803795,58.99005355776587
Census tract,Tract 6915,17031691500,1806,24100.999999999996,4.069119286510591,35.18099547511312
Census tract,Tract 7001,17031700100,3326,79658.99999999999,3.2469232783451165,25.91133004926108
Census tract,Tract 7002,17031700200,6554,74124.99999999999,7.983800983511716,23.604465709728867
Census tract,Tract 7003.01,17031700301,5762,84667,16.542965528616197,12.691466083150983
Census tract,Tract 7003.02,17031700302,5662,86000,21.187344472093848,14.634146341463412
Census tract,Tract 7004.01,17031700401,5822,94312.99999999999,3.622961104140527,13.63398007341374
Census tract,Tract 7004.02,17031700402,4082,98151.99999999999,5.560382276281494,20.62818336162988
Census tract,Tract 7005.01,17031700501,6912,64739,2.677732539931099,24.150634465820712
Census tract,Tract 7005.02,17031700502,2978,97623.99999999999,3.2539221382916907,12.866015971606034
Census tract,Tract 7101,17031710100,1015,28287,0,43.92712550607287
Census tract,Tract 7102,17031710200,4635,30870.999999999996,0.3917727717923604,41.367713
Census tract,Tract 7103,17031710300,1424,54886,0,20.637898686679172
Census tract,Tract 7104,17031710400,5424,43986,0.4207830223197951,39.67592592592592
Census tract,Tract 7105,17031710500,4036,44972.99999999999,0.186517453,33.78640776699029
Census tract,Tract 7106,17031710600,1706,42132,9.48945616,34.82428115015975
Census tract,Tract 7107,17031710700,3420,40937.99999999999,0.429553265,33.83121732636295
Census tract,Tract 7108,17031710800,4804,37580,0.1060670343657191,36.77277716794731
Census tract,Tract 7109,17031710900,1942,48867,0,47.58169934640522
Census tract,Tract 7110,17031711000,3058,55197,2.2589052997393573,31.92
Census tract,Tract 7111,17031711100,2499,49687.99999999999,0,32.97974927675988
Census tract,Tract 7112,17031711200,4687,60432.99999999999,0.478767694,32.17647059
Census tract,Tract 7113,17031711300,1462,76523.99999999999,1.3043478260869563,22.67441860465116
Census tract,Tract 7114,17031711400,2394,59187.99999999999,0.5549389567147613,44.533029612756266
Census tract,Tract 7115,17031711500,2372,52884.99999999999,0,45.23227384
Census tract,Tract 7201,17031720100,3344,149179.99999999997,48.99369179933914,5.8505850585058505
Census tract,Tract 7202,17031720200,4131,121079.99999999999,43.01850516702716,7.175177763413057
Census tract,Tract 7203,17031720300,3637,136914,63.97786838,3.801765105227427
Census tract,Tract 7204,17031720400,1961,122396,82.56130790190736,8.526011560693641
Census tract,Tract 7205,17031720500,2086,111249.99999999999,89.19491525423729,4.407713499
Census tract,Tract 7206,17031720600,1691,156927,72.43523316062176,3.4755134281200633
Census tract,Tract 7207,17031720700,3073,98896.99999999999,28.466421650517876,11.03230890464933
Census tract,Tract 7301,17031730100,2462,57199.99999999999,2.376075378943056,27.84679089026915
Census tract,Tract 7302.01,17031730201,5627,61431.99999999999,1.7121354656632175,30.225988700564972
Census tract,Tract 7302.02,17031730202,2893,81249.99999999999,1.448787061994609,25.25879917184265
Census tract,Tract 7303,17031730300,1046,45278,0,36.440677966101696
Census tract,Tract 7304,17031730400,3386,88365,1.6087844739530133,26.021505376344084
Census tract,Tract 7305,17031730500,4220,64565.99999999999,0.2716720177821684,21.125206839492552
Census tract,Tract 7306,17031730600,3254,80500,1.4672686230248306,29.02033271719039
Census tract,Tract 7307,17031730700,2281,67500,0,33.59173126614987
Census tract,Tract 7401,17031740100,3234,109375,80.20758768790265,6.757843925985519
Census tract,Tract 7402,17031740200,5830,124160.99999999999,79.94200096665055,2.008407286314806
Census tract,Tract 7403,17031740300,4869,124250,88.33625902,0
Census tract,Tract 7404,17031740400,4695,91041.99999999999,76.04519774,6.055818852027383
Census tract,Tract 7501,17031750100,3736,53272.99999999999,7.764705882352942,27.45349583066068
Census tract,Tract 7502,17031750200,3024,79463.99999999999,24.643962848297218,23.874488403819917
Census tract,Tract 7503,17031750300,2470,120642.99999999999,75.59845559845559,8.704453441295547
Census tract,Tract 7504,17031750400,2909,108788,56.78524374176548,9.289617486338798
Census tract,Tract 7505,17031750500,5618,68615,24.52795261014439,19.29292929292929
Census tract,Tract 7506,17031750600,3420,58494,1.2841530054644807,26.580226904376016
Census tract,Tract 7608.01,17031760801,4403,75625,54.91786656,11.52860802732707
Census tract,Tract 7608.02,17031760802,2374,93312.99999999999,80.57040998217468,4.619332763045338
Census tract,Tract 7608.03,17031760803,6394,68276,60.654743861776296,8.807769591426657
Census tract,Tract 7705,17031770500,4632,59910.99999999999,8.333333333333332,24.720068906115415
Census tract,Tract 7706.02,17031770602,4762,85912.99999999999,32.659019812304486,17.52109020116807
Census tract,Tract 7707,17031770700,2537,68144.99999999999,60.709812108559504,3.658536585365854
Census tract,Tract 7708,17031770800,5661,79750,64.22601136743565,14.635364635364636
Census tract,Tract 7709.01,17031770901,5245,95312.99999999999,78.02798426,2.272727272727273
Census tract,Tract 7709.02,17031770902,3732,74318,78.77297437224955,12.010113780025284
Census tract,Tract 8104,17031810400,5409,148749.99999999997,90.58327477160928,2.2639691714836223
Census tract,Tract 8105.01,17031810501,5293,88193.99999999999,80.88723861637679,5.751765893037336
Census tract,Tract 8105.02,17031810502,5355,82037,70.84244156717673,14.107485604606524
Census tract,Tract 8106,17031810600,4949,80676.99999999999,57.46982937994174,6.795077581594436
Census tract,Tract 8233.04,17031823304,5872,51039.99999999999,52.88393489030432,11.32295719844358
Census tract,Tract 8305,17031830500,4410,65794.99999999999,0.5401026194977046,12.102473498233216
Census tract,Tract 8306,17031830600,4935,64260.99999999999,45.55250369744349,15.40590405904059
Census tract,Tract 8307,17031830700,4006,67462,43.43261719,16.603595080416273
Census tract,Tract 8308,17031830800,2405,85819,70.30375699440448,9.349336702463676
Census tract,Tract 8309,17031830900,3076,138091.99999999997,65.07882111034955,5.712109672505712
Census tract,Tract 8310,17031831000,2633,199886,83.00395256916995,0
Census tract,Tract 8311,17031831100,6697,97639.99999999999,42.32571763327475,8.845470692717585
Census tract,Tract 8312,17031831200,4832,61249.99999999999,6.098346575048314,20.933246921581336
Census tract,Tract 8313,17031831300,1251,45582.99999999999,0.4850444624090542,49.35064935064935
Census tract,Tract 8314,17031831400,2820,33516,16.709429121231558,29.974380871050386
Census tract,Tract 8315,17031831500,4421,78682,28.456453003736705,22.943396226415093
Census tract,Tract 8316,17031831600,7745,59534.99999999999,26.05076987099459,19.138198757763973
Census tract,Tract 8317,17031831700,2237,47231.99999999999,47.535545023696685,22.73190621814475
Census tract,Tract 8318,17031831800,5868,84356.99999999999,35.75878064943671,11.154598825831702
Census tract,Tract 8319,17031831900,3040,131567,80.27139874739039,3.623693379790941
Census tract,Tract 8320,17031832000,2062,146943.99999999997,81.31801693,4.083665338645418
Census tract,Tract 8321,17031832100,3410,84875,51.300813008130085,12.170706006322444
Census tract,Tract 8322,17031832200,3289,152902,69.35534101526004,2.8656716417910446
Census tract,Tract 8323,17031832300,2054,131212,69.50255695,0.5235602094240838
Census tract,Tract 8324,17031832400,3601,127999.99999999999,58.214285714285715,8.445190156599553
Census tract,Tract 8325,17031832500,3334,148970.99999999997,78.50719424460432,9.864864864864863
Census tract,Tract 8326,17031832600,4147,211323.99999999997,85.00117730162468,0.6343713956170703
Census tract,Tract 8329,17031832900,1995,80951,48.24732229795521,3.307888040712468
Census tract,Tract 8330,17031833000,5637,169489,77.11881386495692,12.226338834624451
Census tract,Tract 8331,17031833100,9493,168124.99999999997,61.56955203772314,4.255319149
Census tract,Tract 8333,17031833300,2912,90806,37.83290769792046,3.027950310559006
Census tract,Tract 8339,17031833900,2333,40694,1.7836370686312524,45.72538860103627
Census tract,Tract 8340,17031834000,3609,41225,0,44.28341384863124
Census tract,Tract 8342,17031834200,4693,63522.99999999999,0.1120448179271708,27.93321299638989
Census tract,Tract 8343,17031834300,6240,52424.99999999999,0.03192848,29.210423959548816
Census tract,Tract 8344,17031834400,3765,40587.99999999999,10.084848484848486,22.34809475
Census tract,Tract 8345,17031834500,1765,53958,3.1133250311332503,46.75090252707581
Census tract,Tract 8346,17031834600,2357,24835.999999999996,1.049317943336831,60.68376068376068
Census tract,Tract 8347,17031834700,1759,36999.99999999999,0.7462686567164178,38.27160494
Census tract,Tract 8348,17031834800,1753,21635.999999999996,1.1682242990654206,57.32394366197183
Census tract,Tract 8349,17031834900,1952,20085.999999999996,0.534759358,61.35593220338983
Census tract,Tract 8350,17031835000,6398,41906.99999999999,0.8013640238704177,26.31038027
Census tract,Tract 8351,17031835100,5585,46413.99999999999,4.093959731543624,39.166666666666664
Census tract,Tract 8352,17031835200,2038,79000,15.439856373429084,25.147058823529413
Census tract,Tract 8355,17031835500,1584,20669,2.245789145352464,68.57962697274031
Census tract,Tract 8356,17031835600,898,14073.999999999998,0,73.95498392282958
Census tract,Tract 8358,17031835800,1698,84500,0.1911132345914954,18.231441048034934
Census tract,Tract 8360,17031836000,2338,79485,4.116575591985428,42.31103388
Census tract,Tract 8361,17031836100,1893,19644.999999999996,0.4054738976178408,45.14877102199224
Census tract,Tract 8362,17031836200,2178,,52.162584679520585,17.647058823529413
Census tract,Tract 8363,17031836300,1492,50729,23.14990512333966,14.65149359886202
Census tract,Tract 8364,17031836400,3621,27011.999999999996,4.691837867851194,41.80238870792617
Census tract,Tract 8365,17031836500,1527,,15.10840108401084,46.11398964
Census tract,Tract 8366,17031836600,2929,84667,31.39171227521501,18.994413407821227
Census tract,Tract 8367,17031836700,2481,47438.99999999999,0.9056603773584906,41.84261036
Census tract,Tract 8368,17031836800,2645,22642,4.556259904912837,72.76190476190476
Census tract,Tract 8369,17031836900,1439,43332.99999999999,2.011622708985248,42.23602484
Census tract,Tract 8370,17031837000,2042,43951,7.819103972950127,40.511727078891255
Census tract,Tract 8371,17031837100,1652,61350.99999999999,17.595108695652172,23.44632768361582
Census tract,Tract 8373,17031837300,2489,22197,2.924901185770751,39.01918976545842
Census tract,Tract 8374,17031837400,1990,45234,11.550308008213554,36.27075351213283
Census tract,Tract 8378,17031837800,2837,34688,19.55153422501967,26.18862042088854
Census tract,Tract 8380,17031838000,2651,,17.58490566037736,61.07290233837689
Census tract,Tract 8381,17031838100,1821,,37.37437185929649,32.82511210762332
Census tract,Tract 8382,17031838200,1675,105667,30.202898550724637,11.229946524064172
Census tract,Tract 8383,17031838300,2580,104968,56.56666666666666,16.18705035971223
Census tract,Tract 8386,17031838600,1518,14700.999999999998,2.4691358024691357,72.75747508305648
Census tract,Tract 8387,17031838700,4132,24073.999999999996,6.022144207399406,51.81986428130784
Census tract,Tract 8388,17031838800,3102,24432,1.8716577540106951,48.52125693160813
Census tract,Tract 8390,17031839000,10435,95565,51.562348843958596,7.1273291925465845
Census tract,Tract 8391,17031839100,8234,139943,42.15796720490675,0.5616763879887665
Census tract,Tract 8392,17031839200,2749,39132.99999999999,14.592274678111588,18.361955085865254
Census tract,Tract 8395,17031839500,1590,55624.99999999999,13.559322033898304,33.84813384813385
Census tract,Tract 8396,17031839600,1729,68880,8.393285371702639,32.92433537832311
Census tract,Tract 8397,17031839700,4545,90149,37.46355685131195,9.2125579
Census tract,Tract 8398,17031839800,2686,79642.99999999999,45.5984556,8.714788732394366
Census tract,Tract 8399,17031839900,4431,89712,46.492805755395686,7.868852459016394
Census tract,Tract 8400,17031840000,3001,87730.99999999999,34.644766997708174,12.852969814995133
Census tract,Tract 8401,17031840100,3029,66981,23.98576512455516,8.122270742
Census tract,Tract 8402,17031840200,2497,51770.99999999999,17.470427661510467,16.144018583042975
Census tract,Tract 8403,17031840300,4196,74721.99999999999,15.550174872208771,19.93911719939117
Census tract,Tract 8404,17031840400,3369,77768,5.338753387533876,22.24039247751431
Census tract,Tract 8407,17031840700,3900,106249.99999999999,20.38702643772145,18.872357086922477
Census tract,Tract 8408,17031840800,3332,47572,1.1005808621216755,27.510460251046027
Census tract,Tract 8410,17031841000,1136,105625,33.562231759656655,19.85185185185185
Census tract,Tract 8411,17031841100,7356,43527,8.823913327241874,30.35230352303523
Census tract,Tract 8412,17031841200,4873,62818.99999999999,13.618246235606732,30.62360801781737
Census tract,Tract 8413,17031841300,4173,69327,23.95958624007698,7.927461139896373
Census tract,Tract 8415,17031841500,2904,24706,3.3274179236912156,55.59440559440559
Census tract,Tract 8417,17031841700,1509,45854,11.924342105263158,32.78688524590164
Census tract,Tract 8418,17031841800,2404,50963.99999999999,1.862278042442616,26.733780760626395
Census tract,Tract 8419,17031841900,6500,136955,39.77290900367824,1.138406231276213
Census tract,Tract 8420,17031842000,2590,135341,27.566607460035524,7.349081364829396
Census tract,Tract 8421,17031842100,6650,60741,5.008813160987073,25.572519083969464
Census tract,Tract 8422,17031842200,4212,95174,64.50812896114631,8.679854662898666
Census tract,Tract 8423,17031842300,3529,173082,61.03934233705226,1.1986301369863013
Census tract,Tract 8424,17031842400,3041,100869.99999999999,0,10.801144492131616
Census tract,Tract 8425,17031842500,2644,36954.99999999999,0,67.15634837355718
Census tract,Tract 8426,17031842600,4245,91666.99999999999,36.97405711794201,13.765432098765432
Census tract,Tract 8428,17031842800,7637,56667,6.935057302380253,22.484134179510427
Census tract,Tract 8429,17031842900,2480,21521,20.722433460076044,36.97089947089947
Census tract,Tract 8430,17031843000,2880,21726,9.694501018,55.38869258
Census tract,Tract 8431,17031843100,1747,61648,9.456740442655937,36.94390715667311
Census tract,Tract 8432,17031843200,2422,70525,32.66072267,12.614445574771109
Census tract,Tract 8433,17031843300,1572,65278,7.995003123048095,40.144230769230774
Census tract,Tract 8434,17031843400,1524,43021,0,27.57894736842105
Census tract,Tract 8435,17031843500,6030,55832.99999999999,10.826446280991735,25.26315789473684
Census tract,Tract 8436,17031843600,3089,71359,4.086302713305002,25.16175413371675
Census tract,Tract 8437,17031843700,2544,134000,67.87064258714825,10.64453125
Census tract,Tract 8438,17031843800,2000,57884.99999999999,26.186906546726636,25.403225806451612
Census tract,Tract 8439,17031843900,3666,47759.99999999999,11.03661681,35.940409683426445
Census tract,Tract 8446,17031844600,1776,56847.99999999999,5.013192612137203,47.23854289071681
Census tract,Tract 8447,17031844700,2342,69583,1.7313746065057714,36.01756954612006
Census tract,Tract 8400,17043840000,2835,81931.99999999999,29.06666666666667,16.433941997851772
Census tract,Tract 8408.01,17043840801,2621,80732.99999999999,47.06577392674281,13.85099685204617